"DESCRIPTION","DURATION IN MS","NAME","PARENT SUITE","START TIME","STATUS","STOP TIME","SUB SUITE","SUITE","TEST CLASS","TEST METHOD"
"","11940","11. Logout","firefox","2026-06-02","passed","2026-06-02","OrangeHRM Login tests","Authentication\auth.spec.js","",""
"","4155","12.Verify Create Login Details toggle","firefox","2026-06-01","passed","2026-06-01","PIM Module Tests","PIM\pim.spec.js","",""
"","522","8.Verify Employee Timesheet navigation","webkit","2026-06-01","passed","2026-06-01","Time Module Tests","Time\time.spec.js","",""
"","13","2.Verify Candidates tab visible","firefox","2026-06-01","passed","2026-06-01","Recruitment Module Tests","Recruitment\recruitment.spec.js","",""
"","364","11.Verify Status dropdown clickable","webkit","2026-06-01","passed","2026-06-01","Leave Module Functionality Tests","Leave\leave.spec.js","",""
"","45","12.Verify Sub Unit dropdown clickable","chromium","2026-06-01","passed","2026-06-01","Leave Module Functionality Tests","Leave\leave.spec.js","",""
"","12156","7. Verify Directory menu visible","chromium","2026-06-01","passed","2026-06-01","Dashboard Module Tests","Dashboard\dashboard.spec.js","",""
"","445","8.Verify Status dropdown selectable","firefox","2026-06-01","passed","2026-06-01","Performance Module Tests","Performance\performance.spec.js","",""
"","25223","3. Invalid password","chromium","2026-06-02","passed","2026-06-02","OrangeHRM Login tests","Authentication\auth.spec.js","",""
"","13700","9.Verify Marital Status dropdown selectable","firefox","2026-06-01","passed","2026-06-01","My Info Module Tests","My Info\myinfo.spec.js","",""
"","825","14.Verify Cancel button returns to KPI page","webkit","2026-06-01","passed","2026-06-01","Performance Module Tests","Performance\performance.spec.js","",""
"","11933","15.Username field accepts input","chromium","2026-06-02","passed","2026-06-02","OrangeHRM Login tests","Authentication\auth.spec.js","",""
"","15124","9. Verify Recruitment navigation","chromium","2026-06-01","passed","2026-06-01","Dashboard Module Tests","Dashboard\dashboard.spec.js","",""
"","1319","6.Verify page refresh keeps session","chromium","2026-06-01","passed","2026-06-01","PIM Module Tests","PIM\pim.spec.js","",""
"","15500","15.Verify page refresh keeps session","firefox","2026-06-01","passed","2026-06-01","My Info Module Tests","My Info\myinfo.spec.js","",""
"","1896","4.Verify Add Employee navigation","webkit","2026-06-01","passed","2026-06-01","PIM Module Tests","PIM\pim.spec.js","",""
"","20576","4.Filter by Status","webkit","2026-06-01","passed","2026-06-01","Admin Functional Tests","Admin\admin.spec.js","",""
"","1257","10.Verify Employee Name accepts input","firefox","2026-06-01","passed","2026-06-01","Leave Module Functionality Tests","Leave\leave.spec.js","",""
"","2722","16.Verify Email accepts input","webkit","2026-06-01","passed","2026-06-01","Recruitment Module Tests","Recruitment\recruitment.spec.js","",""
"","58","7.Verify Employee Name field remains editable","firefox","2026-06-01","passed","2026-06-01","Performance Module Tests","Performance\performance.spec.js","",""
"","1005","12.Verify KPI mandatory validation","firefox","2026-06-01","passed","2026-06-01","Performance Module Tests","Performance\performance.spec.js","",""
"","64","9.Verify Status dropdown opens","chromium","2026-06-01","passed","2026-06-01","Recruitment Module Tests","Recruitment\recruitment.spec.js","",""
"","10969","16.Verify Dependents page opens","chromium","2026-06-01","passed","2026-06-01","My Info Module Tests","My Info\myinfo.spec.js","",""
"","1021","15.Verify Project Name input accepts value","firefox","2026-06-01","passed","2026-06-01","Time Module Tests","Time\time.spec.js","",""
"","10462","1. Valid login","firefox","2026-06-02","passed","2026-06-02","OrangeHRM Login tests","Authentication\auth.spec.js","",""
"","372","1.Verify Recruitment page opens","webkit","2026-06-01","passed","2026-06-01","Recruitment Module Tests","Recruitment\recruitment.spec.js","",""
"","4408","16.Verify Email accepts input","firefox","2026-06-01","passed","2026-06-01","Recruitment Module Tests","Recruitment\recruitment.spec.js","",""
"","948","7.Verify Hiring Manager accepts input","firefox","2026-06-01","passed","2026-06-01","Recruitment Module Tests","Recruitment\recruitment.spec.js","",""
"","27225","2. Invalid username","chromium","2026-06-02","passed","2026-06-02","OrangeHRM Login tests","Authentication\auth.spec.js","",""
"","977","1.Verify Recruitment page opens","firefox","2026-06-01","passed","2026-06-01","Recruitment Module Tests","Recruitment\recruitment.spec.js","",""
"","2940","9.Verify First Name accepts input","webkit","2026-06-01","passed","2026-06-01","PIM Module Tests","PIM\pim.spec.js","",""
"","8468","13.Password field visible","chromium","2026-06-02","passed","2026-06-02","OrangeHRM Login tests","Authentication\auth.spec.js","",""
"","26341","15.Verify page refresh keeps session","chromium","2026-06-01","passed","2026-06-01","My Info Module Tests","My Info\myinfo.spec.js","",""
"","3489","11.Verify Middle Name accepts input","firefox","2026-06-01","passed","2026-06-01","PIM Module Tests","PIM\pim.spec.js","",""
"","428","3.Verify Employee Reviews tab clickable","webkit","2026-06-01","passed","2026-06-01","Performance Module Tests","Performance\performance.spec.js","",""
"","3963","14.Verify Password fields accept input","webkit","2026-06-01","passed","2026-06-01","PIM Module Tests","PIM\pim.spec.js","",""
"","19437","13. Verify search clear","webkit","2026-06-01","passed","2026-06-01","Dashboard Module Tests","Dashboard\dashboard.spec.js","",""
"","92","8.Verify Vacancy dropdown opens","firefox","2026-06-01","passed","2026-06-01","Recruitment Module Tests","Recruitment\recruitment.spec.js","",""
"","665","1.Verify Timesheets tab navigation","webkit","2026-06-01","passed","2026-06-01","Time Module Tests","Time\time.spec.js","",""
"","3372","15.Verify page refresh keeps session","chromium","2026-06-01","passed","2026-06-01","Leave Module Functionality Tests","Leave\leave.spec.js","",""
"","917","5.Verify From Date field editable","firefox","2026-06-01","passed","2026-06-01","Leave Module Functionality Tests","Leave\leave.spec.js","",""
"","5373","9.Verify First Name accepts input","chromium","2026-06-01","passed","2026-06-01","PIM Module Tests","PIM\pim.spec.js","",""
"","4563","6. Empty fields","firefox","2026-06-02","passed","2026-06-02","OrangeHRM Login tests","Authentication\auth.spec.js","",""
"","413","6.Verify Timesheet page refresh","chromium","2026-06-01","passed","2026-06-01","Time Module Tests","Time\time.spec.js","",""
"","4","1.Verify Leave module opens","chromium","2026-06-01","passed","2026-06-01","Leave Module Functionality Tests","Leave\leave.spec.js","",""
"","12405","11. Verify search enabled","chromium","2026-06-01","passed","2026-06-01","Dashboard Module Tests","Dashboard\dashboard.spec.js","",""
"","18573","5. Verify Leave menu visible","chromium","2026-06-01","passed","2026-06-01","Dashboard Module Tests","Dashboard\dashboard.spec.js","",""
"","6382","12.Username field visible","webkit","2026-06-02","passed","2026-06-02","OrangeHRM Login tests","Authentication\auth.spec.js","",""
"","13","12.Verify Search button enabled","firefox","2026-06-01","passed","2026-06-01","Recruitment Module Tests","Recruitment\recruitment.spec.js","",""
"","1396","15.Verify page refresh keeps session","chromium","2026-06-01","passed","2026-06-01","Performance Module Tests","Performance\performance.spec.js","",""
"","14122","11.Confirm password accepts input","firefox","2026-06-01","passed","2026-06-01","Admin Functional Tests","Admin\admin.spec.js","",""
"","25","13.Verify KPI input accepts value","chromium","2026-06-01","passed","2026-06-01","Performance Module Tests","Performance\performance.spec.js","",""
"","13078","8. Verify Directory navigation","webkit","2026-06-01","passed","2026-06-01","Dashboard Module Tests","Dashboard\dashboard.spec.js","",""
"","1003","11.Verify Add KPI page opens","chromium","2026-06-01","passed","2026-06-01","Performance Module Tests","Performance\performance.spec.js","",""
"","13245","16.Verify Dependents page opens","firefox","2026-06-01","passed","2026-06-01","My Info Module Tests","My Info\myinfo.spec.js","",""
"","5692","12.Username field visible","chromium","2026-06-02","passed","2026-06-02","OrangeHRM Login tests","Authentication\auth.spec.js","",""
"","75","8.Verify Vacancy dropdown opens","chromium","2026-06-01","passed","2026-06-01","Recruitment Module Tests","Recruitment\recruitment.spec.js","",""
"","11604","14.Verify Emergency Contact validation","webkit","2026-06-01","passed","2026-06-01","My Info Module Tests","My Info\myinfo.spec.js","",""
"","8559","13. Verify search clear","firefox","2026-06-01","passed","2026-06-01","Dashboard Module Tests","Dashboard\dashboard.spec.js","",""
"","1022","6.Verify To Date field editable","firefox","2026-06-01","passed","2026-06-01","Leave Module Functionality Tests","Leave\leave.spec.js","",""
"","13","6.Verify Reset button enabled","firefox","2026-06-01","passed","2026-06-01","Performance Module Tests","Performance\performance.spec.js","",""
"","5648","18.Refreshes keeps user on login page","chromium","2026-06-01","passed","2026-06-01","OrangeHRM Login tests","Authentication\auth.spec.js","",""
"","705","3.Verify reset button visible after click","webkit","2026-06-01","passed","2026-06-01","PIM Module Tests","PIM\pim.spec.js","",""
"","54","4.Verify Employee Name accepts input","webkit","2026-06-01","passed","2026-06-01","Performance Module Tests","Performance\performance.spec.js","",""
"","878","1.Verify Timesheets tab navigation","chromium","2026-06-01","passed","2026-06-01","Time Module Tests","Time\time.spec.js","",""
"","1498","7.Verify Add Employee page opens","webkit","2026-06-01","passed","2026-06-01","PIM Module Tests","PIM\pim.spec.js","",""
"","11389","5.Search using Employee Name","chromium","2026-06-01","passed","2026-06-01","Admin Functional Tests","Admin\admin.spec.js","",""
"","1479","4.Verify Employee Name accepts input","firefox","2026-06-01","passed","2026-06-01","Time Module Tests","Time\time.spec.js","",""
"","21486","15. Verify refresh keeps session","firefox","2026-06-01","passed","2026-06-01","Dashboard Module Tests","Dashboard\dashboard.spec.js","",""
"","47","1.Verify employee name accepts input","firefox","2026-06-01","passed","2026-06-01","PIM Module Tests","PIM\pim.spec.js","",""
"","124","12.Verify Sub Unit dropdown clickable","firefox","2026-06-01","passed","2026-06-01","Leave Module Functionality Tests","Leave\leave.spec.js","",""
"","13","1.Verify Performance page opens","chromium","2026-06-01","passed","2026-06-01","Performance Module Tests","Performance\performance.spec.js","",""
"","22","4.Verify Employee Name accepts input","chromium","2026-06-01","passed","2026-06-01","Performance Module Tests","Performance\performance.spec.js","",""
"","7710","17.Refreshes keeps user on login page","firefox","2026-06-02","passed","2026-06-02","OrangeHRM Login tests","Authentication\auth.spec.js","",""
"","11604","8.User Role selection works","chromium","2026-06-01","passed","2026-06-01","Admin Functional Tests","Admin\admin.spec.js","",""
"","5811","9. Forgot password navigation","chromium","2026-06-02","passed","2026-06-02","OrangeHRM Login tests","Authentication\auth.spec.js","",""
"","519","7.Verify My Timesheet navigation","webkit","2026-06-01","passed","2026-06-01","Time Module Tests","Time\time.spec.js","",""
"","1689","3.Verify Comment field accepts input","firefox","2026-06-01","passed","2026-06-01","Leave Module Functionality Tests","Leave\leave.spec.js","",""
"","20981","4. Empty username","webkit","2026-06-02","passed","2026-06-02","OrangeHRM Login tests","Authentication\auth.spec.js","",""
"","12630","6.Verify Other ID accepts input","firefox","2026-06-01","passed","2026-06-01","My Info Module Tests","My Info\myinfo.spec.js","",""
"","860","6.Verify To Date field editable","webkit","2026-06-01","passed","2026-06-01","Leave Module Functionality Tests","Leave\leave.spec.js","",""
"","670","8.Verify Employee Timesheet navigation","firefox","2026-06-01","passed","2026-06-01","Time Module Tests","Time\time.spec.js","",""
"","3653","13.Verify Login Username accepts input","firefox","2026-06-01","passed","2026-06-01","PIM Module Tests","PIM\pim.spec.js","",""
"","545","5.Verify Employee Timesheet validation","webkit","2026-06-01","passed","2026-06-01","Time Module Tests","Time\time.spec.js","",""
"","29","1.Verify Performance page opens","webkit","2026-06-01","passed","2026-06-01","Performance Module Tests","Performance\performance.spec.js","",""
"","6000","14.Login button visible","webkit","2026-06-02","passed","2026-06-02","OrangeHRM Login tests","Authentication\auth.spec.js","",""
"","391","10.Verify Job Title dropdown opens","firefox","2026-06-01","passed","2026-06-01","Recruitment Module Tests","Recruitment\recruitment.spec.js","",""
"","15276","3.Filter by User Role","chromium","2026-06-01","passed","2026-06-01","Admin Functional Tests","Admin\admin.spec.js","",""
"","14642","8.Verify Nationality dropdown selectable","chromium","2026-06-01","passed","2026-06-01","My Info Module Tests","My Info\myinfo.spec.js","",""
"","17675","3.Filter by User Role","firefox","2026-06-01","passed","2026-06-01","Admin Functional Tests","Admin\admin.spec.js","",""
"","13211","10.Password field accepts input","webkit","2026-06-01","passed","2026-06-01","Admin Functional Tests","Admin\admin.spec.js","",""
"","15","5.Verify Search button enabled","webkit","2026-06-01","passed","2026-06-01","Performance Module Tests","Performance\performance.spec.js","",""
"","3223","13.Verify Login Username accepts input","chromium","2026-06-01","passed","2026-06-01","PIM Module Tests","PIM\pim.spec.js","",""
"","1019","1.Verify Timesheets tab navigation","firefox","2026-06-01","passed","2026-06-01","Time Module Tests","Time\time.spec.js","",""
"","7446","2. Invalid username","webkit","2026-06-02","passed","2026-06-02","OrangeHRM Login tests","Authentication\auth.spec.js","",""
"","47","12.Verify Search button enabled","webkit","2026-06-01","passed","2026-06-01","Recruitment Module Tests","Recruitment\recruitment.spec.js","",""
"","54","2.Verify Attendance tab navigation","firefox","2026-06-01","passed","2026-06-01","Time Module Tests","Time\time.spec.js","",""
"","50","7.Verify Employee Name field remains editable","chromium","2026-06-01","passed","2026-06-01","Performance Module Tests","Performance\performance.spec.js","",""
"","3535","14.Verify First Name accepts input","webkit","2026-06-01","passed","2026-06-01","Recruitment Module Tests","Recruitment\recruitment.spec.js","",""
"","1665","19. Verify Candidate vacancy dropdown retains selection","firefox","2026-06-01","passed","2026-06-01","Recruitment Module Tests","Recruitment\recruitment.spec.js","",""
"","7","5.Verify Search button enabled","chromium","2026-06-01","passed","2026-06-01","Performance Module Tests","Performance\performance.spec.js","",""
"","3081","15.Verify Last Name accepts input","chromium","2026-06-01","passed","2026-06-01","Recruitment Module Tests","Recruitment\recruitment.spec.js","",""
"","6751","9. Forgot password navigation","firefox","2026-06-02","passed","2026-06-02","OrangeHRM Login tests","Authentication\auth.spec.js","",""
"","14774","18.Refreshes keeps user on login page","firefox","2026-06-01","passed","2026-06-01","OrangeHRM Login tests","Authentication\auth.spec.js","",""
"","11572","17.Verify Dependent validation","webkit","2026-06-01","passed","2026-06-01","My Info Module Tests","My Info\myinfo.spec.js","",""
"","1496","11.Verify Add KPI page opens","firefox","2026-06-01","passed","2026-06-01","Performance Module Tests","Performance\performance.spec.js","",""
"","11285","3.Filter by User Role","webkit","2026-06-01","passed","2026-06-01","Admin Functional Tests","Admin\admin.spec.js","",""
"","848","13.Verify Assign Leave page opens","webkit","2026-06-01","passed","2026-06-01","Leave Module Functionality Tests","Leave\leave.spec.js","",""
"","42","9.Verify Configure menu opens","chromium","2026-06-01","passed","2026-06-01","Performance Module Tests","Performance\performance.spec.js","",""
"","21802","5.Search using Employee Name","firefox","2026-06-01","passed","2026-06-01","Admin Functional Tests","Admin\admin.spec.js","",""
"","514","11.Verify Attendance Summary page navigation","webkit","2026-06-01","passed","2026-06-01","Time Module Tests","Time\time.spec.js","",""
"","11780","2.Reset clears username field","webkit","2026-06-01","passed","2026-06-01","Admin Functional Tests","Admin\admin.spec.js","",""
"","1828","5.Verify reset button clickable","chromium","2026-06-01","passed","2026-06-01","PIM Module Tests","PIM\pim.spec.js","",""
"","122","14.Verify Sub Unit dropdown selection","chromium","2026-06-01","passed","2026-06-01","Time Module Tests","Time\time.spec.js","",""
"","1742","19. Verify Candidate vacancy dropdown retains selection","chromium","2026-06-01","passed","2026-06-01","Recruitment Module Tests","Recruitment\recruitment.spec.js","",""
"","1254","15.Verify Project Name input accepts value","chromium","2026-06-01","passed","2026-06-01","Time Module Tests","Time\time.spec.js","",""
"","490","10.Verify Employee Report page navigation","chromium","2026-06-01","passed","2026-06-01","Time Module Tests","Time\time.spec.js","",""
"","11481","10. Verify search box visible","chromium","2026-06-01","passed","2026-06-01","Dashboard Module Tests","Dashboard\dashboard.spec.js","",""
"","1760","8.Verify Reset button clickable","webkit","2026-06-01","passed","2026-06-01","Leave Module Functionality Tests","Leave\leave.spec.js","",""
"","1742","16.Verify Time module session after refresh","chromium","2026-06-01","passed","2026-06-01","Time Module Tests","Time\time.spec.js","",""
"","1486","15.Verify page refresh keeps session","webkit","2026-06-01","passed","2026-06-01","Performance Module Tests","Performance\performance.spec.js","",""
"","19737","15. Verify refresh keeps session","webkit","2026-06-01","passed","2026-06-01","Dashboard Module Tests","Dashboard\dashboard.spec.js","",""
"","29147","1. Valid login","chromium","2026-06-02","passed","2026-06-02","OrangeHRM Login tests","Authentication\auth.spec.js","",""
"","336","1.Verify Recruitment page opens","chromium","2026-06-01","passed","2026-06-01","Recruitment Module Tests","Recruitment\recruitment.spec.js","",""
"","442","14.Verify Sub Unit dropdown selection","webkit","2026-06-01","passed","2026-06-01","Time Module Tests","Time\time.spec.js","",""
"","7305","6. Empty fields","chromium","2026-06-02","passed","2026-06-02","OrangeHRM Login tests","Authentication\auth.spec.js","",""
"","21","2.Verify Employee Reviews tab visible","webkit","2026-06-01","passed","2026-06-01","Performance Module Tests","Performance\performance.spec.js","",""
"","35","13.Verify KPI input accepts value","webkit","2026-06-01","passed","2026-06-01","Performance Module Tests","Performance\performance.spec.js","",""
"","3213","13.Verify Add Candidate page opens","chromium","2026-06-01","passed","2026-06-01","Recruitment Module Tests","Recruitment\recruitment.spec.js","",""
"","77","11.Verify Status dropdown clickable","firefox","2026-06-01","passed","2026-06-01","Leave Module Functionality Tests","Leave\leave.spec.js","",""
"","6760","8. Forgot password visible","chromium","2026-06-02","passed","2026-06-02","OrangeHRM Login tests","Authentication\auth.spec.js","",""
"","10832","10. Verify search box visible","webkit","2026-06-01","passed","2026-06-01","Dashboard Module Tests","Dashboard\dashboard.spec.js","",""
"","12180","11. Verify search enabled","firefox","2026-06-01","passed","2026-06-01","Dashboard Module Tests","Dashboard\dashboard.spec.js","",""
"","11082","17.Verify Dependent validation","firefox","2026-06-01","passed","2026-06-01","My Info Module Tests","My Info\myinfo.spec.js","",""
"","6624","12.Username field visible","firefox","2026-06-02","passed","2026-06-02","OrangeHRM Login tests","Authentication\auth.spec.js","",""
"","751","7.Verify Add Employee page opens","chromium","2026-06-01","passed","2026-06-01","PIM Module Tests","PIM\pim.spec.js","",""
"","431","6.Verify Timesheet page refresh","webkit","2026-06-01","passed","2026-06-01","Time Module Tests","Time\time.spec.js","",""
"","16","6.Verify Reset button enabled","webkit","2026-06-01","passed","2026-06-01","Performance Module Tests","Performance\performance.spec.js","",""
"","92","3.Verify Candidates tab clickable","firefox","2026-06-01","passed","2026-06-01","Recruitment Module Tests","Recruitment\recruitment.spec.js","",""
"","9529","17.Refreshes keeps user on login page","chromium","2026-06-02","passed","2026-06-02","OrangeHRM Login tests","Authentication\auth.spec.js","",""
"","1024","10.Verify KPI page opens","webkit","2026-06-01","passed","2026-06-01","Performance Module Tests","Performance\performance.spec.js","",""
"","2374","13.Verify Add Candidate page opens","webkit","2026-06-01","passed","2026-06-01","Recruitment Module Tests","Recruitment\recruitment.spec.js","",""
"","3025","7.Verify Search button clickable","firefox","2026-06-01","passed","2026-06-01","Leave Module Functionality Tests","Leave\leave.spec.js","",""
"","1062","15.Verify page refresh keeps session","webkit","2026-06-01","passed","2026-06-01","Leave Module Functionality Tests","Leave\leave.spec.js","",""
"","11674","12.Username field accepts input in Add User","chromium","2026-06-01","passed","2026-06-01","Admin Functional Tests","Admin\admin.spec.js","",""
"","11187","16.Verify Dependents page opens","webkit","2026-06-01","passed","2026-06-01","My Info Module Tests","My Info\myinfo.spec.js","",""
"","18802","4.Filter by Status","firefox","2026-06-01","passed","2026-06-01","Admin Functional Tests","Admin\admin.spec.js","",""
"","19","2.Verify employee ID accepts input","chromium","2026-06-01","passed","2026-06-01","PIM Module Tests","PIM\pim.spec.js","",""
"","68","1.Verify Performance page opens","firefox","2026-06-01","passed","2026-06-01","Performance Module Tests","Performance\performance.spec.js","",""
"","2081","18.Verify candidate notes field","webkit","2026-06-01","passed","2026-06-01","Recruitment Module Tests","Recruitment\recruitment.spec.js","",""
"","8676","15.Username field accepts input","firefox","2026-06-02","passed","2026-06-02","OrangeHRM Login tests","Authentication\auth.spec.js","",""
"","15844","10. Login using Enter key","firefox","2026-06-02","passed","2026-06-02","OrangeHRM Login tests","Authentication\auth.spec.js","",""
"","654","14.Verify Cancel button returns to KPI page","firefox","2026-06-01","passed","2026-06-01","Performance Module Tests","Performance\performance.spec.js","",""
"","1330","4.Verify Add Employee navigation","firefox","2026-06-01","passed","2026-06-01","PIM Module Tests","PIM\pim.spec.js","",""
"","1625","6.Verify page refresh keeps session","webkit","2026-06-01","passed","2026-06-01","PIM Module Tests","PIM\pim.spec.js","",""
"","4689","17.Verify Contact Number accepts input","chromium","2026-06-01","passed","2026-06-01","Recruitment Module Tests","Recruitment\recruitment.spec.js","",""
"","61","10.Verify Job Title dropdown opens","chromium","2026-06-01","passed","2026-06-01","Recruitment Module Tests","Recruitment\recruitment.spec.js","",""
"","17339","1.Search user by username","chromium","2026-06-01","passed","2026-06-01","Admin Functional Tests","Admin\admin.spec.js","",""
"","3534","13.Verify Login Username accepts input","webkit","2026-06-01","passed","2026-06-01","PIM Module Tests","PIM\pim.spec.js","",""
"","6100","8. Forgot password visible","webkit","2026-06-02","passed","2026-06-02","OrangeHRM Login tests","Authentication\auth.spec.js","",""
"","7879","3. Verify Admin menu visible","firefox","2026-06-01","passed","2026-06-01","Dashboard Module Tests","Dashboard\dashboard.spec.js","",""
"","9916","14.Verify Emergency Contact validation","chromium","2026-06-01","passed","2026-06-01","My Info Module Tests","My Info\myinfo.spec.js","",""
"","11","2.Verify Candidates tab visible","chromium","2026-06-01","passed","2026-06-01","Recruitment Module Tests","Recruitment\recruitment.spec.js","",""
"","13227","3. Invalid password","firefox","2026-06-02","passed","2026-06-02","OrangeHRM Login tests","Authentication\auth.spec.js","",""
"","271","3.Verify Reports tab navigation","webkit","2026-06-01","passed","2026-06-01","Time Module Tests","Time\time.spec.js","",""
"","14736","13. Verify search clear","chromium","2026-06-01","passed","2026-06-01","Dashboard Module Tests","Dashboard\dashboard.spec.js","",""
"","1357","9.Verify Leave List page opens","firefox","2026-06-01","passed","2026-06-01","Leave Module Functionality Tests","Leave\leave.spec.js","",""
"","4469","6.Verify Candidate Name accepts input","firefox","2026-06-01","passed","2026-06-01","Recruitment Module Tests","Recruitment\recruitment.spec.js","",""
"","1874","18.Verify candidate notes field","chromium","2026-06-01","passed","2026-06-01","Recruitment Module Tests","Recruitment\recruitment.spec.js","",""
"","4179","11.Verify Middle Name accepts input","chromium","2026-06-01","passed","2026-06-01","PIM Module Tests","PIM\pim.spec.js","",""
"","15034","9. Verify Recruitment navigation","webkit","2026-06-01","passed","2026-06-01","Dashboard Module Tests","Dashboard\dashboard.spec.js","",""
"","7785","16.Password field masked","firefox","2026-06-02","passed","2026-06-02","OrangeHRM Login tests","Authentication\auth.spec.js","",""
"","3198","14.Verify First Name accepts input","firefox","2026-06-01","passed","2026-06-01","Recruitment Module Tests","Recruitment\recruitment.spec.js","",""
"","678","10.Verify Employee Report page navigation","firefox","2026-06-01","passed","2026-06-01","Time Module Tests","Time\time.spec.js","",""
"","11888","8.User Role selection works","webkit","2026-06-01","passed","2026-06-01","Admin Functional Tests","Admin\admin.spec.js","",""
"","13670","3. Verify Admin menu visible","chromium","2026-06-01","passed","2026-06-01","Dashboard Module Tests","Dashboard\dashboard.spec.js","",""
"","21","2.Verify Employee Reviews tab visible","firefox","2026-06-01","passed","2026-06-01","Performance Module Tests","Performance\performance.spec.js","",""
"","4805","16.Verify Email accepts input","chromium","2026-06-01","passed","2026-06-01","Recruitment Module Tests","Recruitment\recruitment.spec.js","",""
"","11270","3. Verify Admin menu visible","webkit","2026-06-01","passed","2026-06-01","Dashboard Module Tests","Dashboard\dashboard.spec.js","",""
"","13206","2.Reset clears username field","chromium","2026-06-01","passed","2026-06-01","Admin Functional Tests","Admin\admin.spec.js","",""
"","8013","14. Verify search placeholder","firefox","2026-06-01","passed","2026-06-01","Dashboard Module Tests","Dashboard\dashboard.spec.js","",""
"","384","12.Verify Sub Unit dropdown clickable","webkit","2026-06-01","passed","2026-06-01","Leave Module Functionality Tests","Leave\leave.spec.js","",""
"","856","7.Verify Hiring Manager accepts input","chromium","2026-06-01","passed","2026-06-01","Recruitment Module Tests","Recruitment\recruitment.spec.js","",""
"","10278","2. Invalid username","firefox","2026-06-02","passed","2026-06-02","OrangeHRM Login tests","Authentication\auth.spec.js","",""
"","480","4.Verify My Leave page opens","chromium","2026-06-01","passed","2026-06-01","Leave Module Functionality Tests","Leave\leave.spec.js","",""
"","125","3.Verify Employee Reviews tab clickable","firefox","2026-06-01","passed","2026-06-01","Performance Module Tests","Performance\performance.spec.js","",""
"","6","2.Verify Employee Reviews tab visible","chromium","2026-06-01","passed","2026-06-01","Performance Module Tests","Performance\performance.spec.js","",""
"","8","6.Verify Reset button enabled","chromium","2026-06-01","passed","2026-06-01","Performance Module Tests","Performance\performance.spec.js","",""
"","1756","5.Verify Vacancies tab clickable","chromium","2026-06-01","passed","2026-06-01","Recruitment Module Tests","Recruitment\recruitment.spec.js","",""
"","623","4.Verify Add Employee navigation","chromium","2026-06-01","passed","2026-06-01","PIM Module Tests","PIM\pim.spec.js","",""
"","10439","14.Search after entering multiple filters","chromium","2026-06-01","passed","2026-06-01","Admin Functional Tests","Admin\admin.spec.js","",""
"","10939","13.Verify Emergency Contacts page opens","firefox","2026-06-01","passed","2026-06-01","My Info Module Tests","My Info\myinfo.spec.js","",""
"","14636","10. Login using Enter key","chromium","2026-06-02","passed","2026-06-02","OrangeHRM Login tests","Authentication\auth.spec.js","",""
"","2443","5.Verify Vacancies tab clickable","webkit","2026-06-01","passed","2026-06-01","Recruitment Module Tests","Recruitment\recruitment.spec.js","",""
"","14504","4.Verify Last Name accepts input","firefox","2026-06-01","passed","2026-06-01","My Info Module Tests","My Info\myinfo.spec.js","",""
"","534","9.Verify Status dropdown opens","webkit","2026-06-01","passed","2026-06-01","Recruitment Module Tests","Recruitment\recruitment.spec.js","",""
"","2903","10.Verify Employee Name accepts input","chromium","2026-06-01","passed","2026-06-01","Leave Module Functionality Tests","Leave\leave.spec.js","",""
"","138","8.Verify Status dropdown selectable","chromium","2026-06-01","passed","2026-06-01","Performance Module Tests","Performance\performance.spec.js","",""
"","26","1.Verify employee name accepts input","webkit","2026-06-01","passed","2026-06-01","PIM Module Tests","PIM\pim.spec.js","",""
"","13991","13.Cancel Add User operation","firefox","2026-06-01","passed","2026-06-01","Admin Functional Tests","Admin\admin.spec.js","",""
"","773","4.Verify Employee Name accepts input","chromium","2026-06-01","passed","2026-06-01","Time Module Tests","Time\time.spec.js","",""
"","51","2.Verify employee ID accepts input","firefox","2026-06-01","passed","2026-06-01","PIM Module Tests","PIM\pim.spec.js","",""
"","10486","13.Verify Emergency Contacts page opens","chromium","2026-06-01","passed","2026-06-01","My Info Module Tests","My Info\myinfo.spec.js","",""
"","1123","10.Verify KPI page opens","chromium","2026-06-01","passed","2026-06-01","Performance Module Tests","Performance\performance.spec.js","",""
"","11867","6. Verify Leave navigation","firefox","2026-06-01","passed","2026-06-01","Dashboard Module Tests","Dashboard\dashboard.spec.js","",""
"","55","3.Verify Reports tab navigation","firefox","2026-06-01","passed","2026-06-01","Time Module Tests","Time\time.spec.js","",""
"","13045","8.Verify Nationality dropdown selectable","webkit","2026-06-01","passed","2026-06-01","My Info Module Tests","My Info\myinfo.spec.js","",""
"","3655","11.Verify Middle Name accepts input","webkit","2026-06-01","passed","2026-06-01","PIM Module Tests","PIM\pim.spec.js","",""
"","8770","1. Valid login","webkit","2026-06-02","passed","2026-06-02","OrangeHRM Login tests","Authentication\auth.spec.js","",""
"","12527","12.Username field accepts input in Add User","firefox","2026-06-01","passed","2026-06-01","Admin Functional Tests","Admin\admin.spec.js","",""
"","370","8.Verify Vacancy dropdown opens","webkit","2026-06-01","passed","2026-06-01","Recruitment Module Tests","Recruitment\recruitment.spec.js","",""
"","9535","7. Verify Directory menu visible","webkit","2026-06-01","passed","2026-06-01","Dashboard Module Tests","Dashboard\dashboard.spec.js","",""
"","7873","8. Forgot password visible","firefox","2026-06-02","passed","2026-06-02","OrangeHRM Login tests","Authentication\auth.spec.js","",""
"","1912","19. Verify Candidate vacancy dropdown retains selection","webkit","2026-06-01","passed","2026-06-01","Recruitment Module Tests","Recruitment\recruitment.spec.js","",""
"","3600","8.Verify Reset button clickable","firefox","2026-06-01","passed","2026-06-01","Leave Module Functionality Tests","Leave\leave.spec.js","",""
"","10032","12. Verify search input","chromium","2026-06-01","passed","2026-06-01","Dashboard Module Tests","Dashboard\dashboard.spec.js","",""
"","14","5.Verify Search button enabled","firefox","2026-06-01","passed","2026-06-01","Performance Module Tests","Performance\performance.spec.js","",""
"","10844","5.Search using Employee Name","webkit","2026-06-01","passed","2026-06-01","Admin Functional Tests","Admin\admin.spec.js","",""
"","116","14.Verify Sub Unit dropdown selection","firefox","2026-06-01","passed","2026-06-01","Time Module Tests","Time\time.spec.js","",""
"","12218","7.Add User form validation","webkit","2026-06-01","passed","2026-06-01","Admin Functional Tests","Admin\admin.spec.js","",""
"","61","2.Verify employee ID accepts input","webkit","2026-06-01","passed","2026-06-01","PIM Module Tests","PIM\pim.spec.js","",""
"","814","11.Verify Attendance Summary page navigation","firefox","2026-06-01","passed","2026-06-01","Time Module Tests","Time\time.spec.js","",""
"","495","14.Verify Cancel button returns to KPI page","chromium","2026-06-01","passed","2026-06-01","Performance Module Tests","Performance\performance.spec.js","",""
"","6","2.Verify Candidates tab visible","webkit","2026-06-01","passed","2026-06-01","Recruitment Module Tests","Recruitment\recruitment.spec.js","",""
"","7765","7. Special characters login","webkit","2026-06-02","passed","2026-06-02","OrangeHRM Login tests","Authentication\auth.spec.js","",""
"","369","12.Verify Attendance Summary employee input","webkit","2026-06-01","passed","2026-06-01","Time Module Tests","Time\time.spec.js","",""
"","9926","7.Verify Driver License accepts input","webkit","2026-06-01","passed","2026-06-01","My Info Module Tests","My Info\myinfo.spec.js","",""
"","8656","7. Verify Directory menu visible","firefox","2026-06-01","passed","2026-06-01","Dashboard Module Tests","Dashboard\dashboard.spec.js","",""
"","8629","5. Verify Leave menu visible","firefox","2026-06-01","passed","2026-06-01","Dashboard Module Tests","Dashboard\dashboard.spec.js","",""
"","11393","15.Verify page refresh keeps session","webkit","2026-06-01","passed","2026-06-01","My Info Module Tests","My Info\myinfo.spec.js","",""
"","120236","14.Verify Assign Leave comment field editable","webkit","2026-06-01","broken","2026-06-01","Leave Module Functionality Tests","Leave\leave.spec.js","",""
"","5189","16.Password field masked","webkit","2026-06-02","passed","2026-06-02","OrangeHRM Login tests","Authentication\auth.spec.js","",""
"","7175","16.Password field masked","chromium","2026-06-02","passed","2026-06-02","OrangeHRM Login tests","Authentication\auth.spec.js","",""
"","374","5.Verify Employee Timesheet validation","chromium","2026-06-01","passed","2026-06-01","Time Module Tests","Time\time.spec.js","",""
"","539","9.Verify Project Report page navigation","firefox","2026-06-01","passed","2026-06-01","Time Module Tests","Time\time.spec.js","",""
"","1086","15.Verify page refresh keeps session","firefox","2026-06-01","passed","2026-06-01","Performance Module Tests","Performance\performance.spec.js","",""
"","12957","6.Verify Other ID accepts input","chromium","2026-06-01","passed","2026-06-01","My Info Module Tests","My Info\myinfo.spec.js","",""
"","3770","13.Verify Add Candidate page opens","firefox","2026-06-01","passed","2026-06-01","Recruitment Module Tests","Recruitment\recruitment.spec.js","",""
"","7628","3. Invalid password","webkit","2026-06-02","passed","2026-06-02","OrangeHRM Login tests","Authentication\auth.spec.js","",""
"","9857","5.Verify Employee ID accepts input","webkit","2026-06-01","passed","2026-06-01","My Info Module Tests","My Info\myinfo.spec.js","",""
"","1018","5.Verify reset button clickable","webkit","2026-06-01","passed","2026-06-01","PIM Module Tests","PIM\pim.spec.js","",""
"","6","12.Verify Search button enabled","chromium","2026-06-01","passed","2026-06-01","Recruitment Module Tests","Recruitment\recruitment.spec.js","",""
"","4136","12.Verify Create Login Details toggle","webkit","2026-06-01","passed","2026-06-01","PIM Module Tests","PIM\pim.spec.js","",""
"","7466","7. Special characters login","firefox","2026-06-02","passed","2026-06-02","OrangeHRM Login tests","Authentication\auth.spec.js","",""
"","24511","4. Empty username","chromium","2026-06-02","passed","2026-06-02","OrangeHRM Login tests","Authentication\auth.spec.js","",""
"","10617","6.Verify Other ID accepts input","webkit","2026-06-01","passed","2026-06-01","My Info Module Tests","My Info\myinfo.spec.js","",""
"","18009","2.Reset clears username field","firefox","2026-06-01","passed","2026-06-01","Admin Functional Tests","Admin\admin.spec.js","",""
"","11754","9.Verify Marital Status dropdown selectable","webkit","2026-06-01","passed","2026-06-01","My Info Module Tests","My Info\myinfo.spec.js","",""
"","11663","5.Verify Employee ID accepts input","firefox","2026-06-01","passed","2026-06-01","My Info Module Tests","My Info\myinfo.spec.js","",""
"","1978","17.Verify Contact Number accepts input","webkit","2026-06-01","passed","2026-06-01","Recruitment Module Tests","Recruitment\recruitment.spec.js","",""
"","3445","15.Verify Last Name accepts input","firefox","2026-06-01","passed","2026-06-01","Recruitment Module Tests","Recruitment\recruitment.spec.js","",""
"","61","3.Verify reset button visible after click","chromium","2026-06-01","passed","2026-06-01","PIM Module Tests","PIM\pim.spec.js","",""
"","879","16.Verify Time module session after refresh","webkit","2026-06-01","passed","2026-06-01","Time Module Tests","Time\time.spec.js","",""
"","20213","13.Cancel Add User operation","webkit","2026-06-01","passed","2026-06-01","Admin Functional Tests","Admin\admin.spec.js","",""
"","898","15.Verify Project Name input accepts value","webkit","2026-06-01","passed","2026-06-01","Time Module Tests","Time\time.spec.js","",""
"","8462","11. Logout","chromium","2026-06-02","passed","2026-06-02","OrangeHRM Login tests","Authentication\auth.spec.js","",""
"","10","1.Verify Leave module opens","firefox","2026-06-01","passed","2026-06-01","Leave Module Functionality Tests","Leave\leave.spec.js","",""
"","2788","18.Verify candidate notes field","firefox","2026-06-01","passed","2026-06-01","Recruitment Module Tests","Recruitment\recruitment.spec.js","",""
"","1407","5.Verify From Date field editable","chromium","2026-06-01","passed","2026-06-01","Leave Module Functionality Tests","Leave\leave.spec.js","",""
"","860","4.Verify My Leave page opens","webkit","2026-06-01","passed","2026-06-01","Leave Module Functionality Tests","Leave\leave.spec.js","",""
"","2615","6.Verify Candidate Name accepts input","chromium","2026-06-01","passed","2026-06-01","Recruitment Module Tests","Recruitment\recruitment.spec.js","",""
"","14857","8.Verify Nationality dropdown selectable","firefox","2026-06-01","passed","2026-06-01","My Info Module Tests","My Info\myinfo.spec.js","",""
"","6361","17.Password field masked","webkit","2026-06-01","passed","2026-06-01","OrangeHRM Login tests","Authentication\auth.spec.js","",""
"","13898","7.Verify Driver License accepts input","firefox","2026-06-01","passed","2026-06-01","My Info Module Tests","My Info\myinfo.spec.js","",""
"","11238","13.Cancel Add User operation","chromium","2026-06-01","passed","2026-06-01","Admin Functional Tests","Admin\admin.spec.js","",""
"","1026","3.Verify Comment field accepts input","webkit","2026-06-01","passed","2026-06-01","Leave Module Functionality Tests","Leave\leave.spec.js","",""
"","17419","7. Special characters login","chromium","2026-06-02","passed","2026-06-02","OrangeHRM Login tests","Authentication\auth.spec.js","",""
"","31","13.Verify KPI input accepts value","firefox","2026-06-01","passed","2026-06-01","Performance Module Tests","Performance\performance.spec.js","",""
"","22240","4.Verify Last Name accepts input","chromium","2026-06-01","passed","2026-06-01","My Info Module Tests","My Info\myinfo.spec.js","",""
"","5984","4. Empty username","firefox","2026-06-02","passed","2026-06-02","OrangeHRM Login tests","Authentication\auth.spec.js","",""
"","3608","15.Verify Last Name accepts input","webkit","2026-06-01","passed","2026-06-01","Recruitment Module Tests","Recruitment\recruitment.spec.js","",""
"","7560","9. Forgot password navigation","webkit","2026-06-02","passed","2026-06-02","OrangeHRM Login tests","Authentication\auth.spec.js","",""
"","3880","8.Verify Reset button clickable","chromium","2026-06-01","passed","2026-06-01","Leave Module Functionality Tests","Leave\leave.spec.js","",""
"","957","8.Verify Status dropdown selectable","webkit","2026-06-01","passed","2026-06-01","Performance Module Tests","Performance\performance.spec.js","",""
"","465","6.Verify To Date field editable","chromium","2026-06-01","passed","2026-06-01","Leave Module Functionality Tests","Leave\leave.spec.js","",""
"","415","12.Verify KPI mandatory validation","chromium","2026-06-01","passed","2026-06-01","Performance Module Tests","Performance\performance.spec.js","",""
"","880","5.Verify From Date field editable","webkit","2026-06-01","passed","2026-06-01","Leave Module Functionality Tests","Leave\leave.spec.js","",""
"","9136","14. Verify search placeholder","chromium","2026-06-01","passed","2026-06-01","Dashboard Module Tests","Dashboard\dashboard.spec.js","",""
"","12323","9.Verify Marital Status dropdown selectable","chromium","2026-06-01","passed","2026-06-01","My Info Module Tests","My Info\myinfo.spec.js","",""
"","3431","17.Verify Contact Number accepts input","firefox","2026-06-01","passed","2026-06-01","Recruitment Module Tests","Recruitment\recruitment.spec.js","",""
"","10782","12.Username field accepts input in Add User","webkit","2026-06-01","passed","2026-06-01","Admin Functional Tests","Admin\admin.spec.js","",""
"","10773","10.Password field accepts input","chromium","2026-06-01","passed","2026-06-01","Admin Functional Tests","Admin\admin.spec.js","",""
"","7690","10. Verify search box visible","firefox","2026-06-01","passed","2026-06-01","Dashboard Module Tests","Dashboard\dashboard.spec.js","",""
"","3212","5.Verify Vacancies tab clickable","firefox","2026-06-01","passed","2026-06-01","Recruitment Module Tests","Recruitment\recruitment.spec.js","",""
"","42","2.Verify Attendance tab navigation","chromium","2026-06-01","passed","2026-06-01","Time Module Tests","Time\time.spec.js","",""
"","64","4.Verify Employee Name accepts input","firefox","2026-06-01","passed","2026-06-01","Performance Module Tests","Performance\performance.spec.js","",""
"","2593","14.Verify First Name accepts input","chromium","2026-06-01","passed","2026-06-01","Recruitment Module Tests","Recruitment\recruitment.spec.js","",""
"","13400","6. Verify Leave navigation","webkit","2026-06-01","passed","2026-06-01","Dashboard Module Tests","Dashboard\dashboard.spec.js","",""
"","1525","5.Verify reset button clickable","firefox","2026-06-01","passed","2026-06-01","PIM Module Tests","PIM\pim.spec.js","",""
"","4450","14.Verify Password fields accept input","chromium","2026-06-01","passed","2026-06-01","PIM Module Tests","PIM\pim.spec.js","",""
"","62","3.Verify Employee Reviews tab clickable","chromium","2026-06-01","passed","2026-06-01","Performance Module Tests","Performance\performance.spec.js","",""
"","14355","9.Status selection works","webkit","2026-06-01","passed","2026-06-01","Admin Functional Tests","Admin\admin.spec.js","",""
"","2111","7.Verify Search button clickable","chromium","2026-06-01","passed","2026-06-01","Leave Module Functionality Tests","Leave\leave.spec.js","",""
"","12560","1.Search user by username","firefox","2026-06-01","passed","2026-06-01","Admin Functional Tests","Admin\admin.spec.js","",""
"","12809","17.Verify Dependent validation","chromium","2026-06-01","passed","2026-06-01","My Info Module Tests","My Info\myinfo.spec.js","",""
"","10198","11.Confirm password accepts input","chromium","2026-06-01","passed","2026-06-01","Admin Functional Tests","Admin\admin.spec.js","",""
"","412","7.Verify Hiring Manager accepts input","webkit","2026-06-01","passed","2026-06-01","Recruitment Module Tests","Recruitment\recruitment.spec.js","",""
"","120102","14.Verify Assign Leave comment field editable","chromium","2026-06-01","broken","2026-06-01","Leave Module Functionality Tests","Leave\leave.spec.js","",""
"","14912","4.Filter by Status","chromium","2026-06-01","passed","2026-06-01","Admin Functional Tests","Admin\admin.spec.js","",""
"","1629","15.Verify page refresh keeps session","firefox","2026-06-01","passed","2026-06-01","Leave Module Functionality Tests","Leave\leave.spec.js","",""
"","3803","10.Verify Last Name accepts input","chromium","2026-06-01","passed","2026-06-01","PIM Module Tests","PIM\pim.spec.js","",""
"","11699","7.Add User form validation","chromium","2026-06-01","passed","2026-06-01","Admin Functional Tests","Admin\admin.spec.js","",""
"","711","13.Verify Job Title dropdown selection","webkit","2026-06-01","passed","2026-06-01","Time Module Tests","Time\time.spec.js","",""
"","3379","8.Verify Add Employee mandatory validation","chromium","2026-06-01","passed","2026-06-01","PIM Module Tests","PIM\pim.spec.js","",""
"","13433","4.Verify Last Name accepts input","webkit","2026-06-01","passed","2026-06-01","My Info Module Tests","My Info\myinfo.spec.js","",""
"","476","9.Verify Project Report page navigation","chromium","2026-06-01","passed","2026-06-01","Time Module Tests","Time\time.spec.js","",""
"","17576","17.Password field masked","firefox","2026-06-01","passed","2026-06-01","OrangeHRM Login tests","Authentication\auth.spec.js","",""
"","14377","15. Verify refresh keeps session","chromium","2026-06-01","passed","2026-06-01","Dashboard Module Tests","Dashboard\dashboard.spec.js","",""
"","120069","14.Verify Assign Leave comment field editable","firefox","2026-06-01","broken","2026-06-01","Leave Module Functionality Tests","Leave\leave.spec.js","",""
"","51","3.Verify Reports tab navigation","chromium","2026-06-01","passed","2026-06-01","Time Module Tests","Time\time.spec.js","",""
"","8655","14. Verify search placeholder","webkit","2026-06-01","passed","2026-06-01","Dashboard Module Tests","Dashboard\dashboard.spec.js","",""
"","18187","8.User Role selection works","firefox","2026-06-01","passed","2026-06-01","Admin Functional Tests","Admin\admin.spec.js","",""
"","21124","9.Status selection works","chromium","2026-06-01","passed","2026-06-01","Admin Functional Tests","Admin\admin.spec.js","",""
"","119","7.Verify Employee Name field remains editable","webkit","2026-06-01","passed","2026-06-01","Performance Module Tests","Performance\performance.spec.js","",""
"","189","9.Verify Status dropdown opens","firefox","2026-06-01","passed","2026-06-01","Recruitment Module Tests","Recruitment\recruitment.spec.js","",""
"","789","6.Verify Timesheet page refresh","firefox","2026-06-01","passed","2026-06-01","Time Module Tests","Time\time.spec.js","",""
"","477","10.Verify Employee Name accepts input","webkit","2026-06-01","passed","2026-06-01","Leave Module Functionality Tests","Leave\leave.spec.js","",""
"","5121","15.Username field accepts input","webkit","2026-06-02","passed","2026-06-02","OrangeHRM Login tests","Authentication\auth.spec.js","",""
"","5291","5. Empty password","firefox","2026-06-02","passed","2026-06-02","OrangeHRM Login tests","Authentication\auth.spec.js","",""
"","4526","14.Verify Password fields accept input","firefox","2026-06-01","passed","2026-06-01","PIM Module Tests","PIM\pim.spec.js","",""
"","6127","13.Password field visible","firefox","2026-06-02","passed","2026-06-02","OrangeHRM Login tests","Authentication\auth.spec.js","",""
"","25440","7.Add User form validation","firefox","2026-06-01","passed","2026-06-01","Admin Functional Tests","Admin\admin.spec.js","",""
"","366","5.Verify Employee Timesheet validation","firefox","2026-06-01","passed","2026-06-01","Time Module Tests","Time\time.spec.js","",""
"","12","1.Verify Leave module opens","webkit","2026-06-01","passed","2026-06-01","Leave Module Functionality Tests","Leave\leave.spec.js","",""
"","730","9.Verify Leave List page opens","webkit","2026-06-01","passed","2026-06-01","Leave Module Functionality Tests","Leave\leave.spec.js","",""
"","1083","3.Verify Candidates tab clickable","webkit","2026-06-01","passed","2026-06-01","Recruitment Module Tests","Recruitment\recruitment.spec.js","",""
"","3383","8.Verify Add Employee mandatory validation","firefox","2026-06-01","passed","2026-06-01","PIM Module Tests","PIM\pim.spec.js","",""
"","6903","6. Empty fields","webkit","2026-06-02","passed","2026-06-02","OrangeHRM Login tests","Authentication\auth.spec.js","",""
"","5782","14.Login button visible","firefox","2026-06-02","passed","2026-06-02","OrangeHRM Login tests","Authentication\auth.spec.js","",""
"","561","9.Verify Project Report page navigation","webkit","2026-06-01","passed","2026-06-01","Time Module Tests","Time\time.spec.js","",""
"","12355","14.Verify Emergency Contact validation","firefox","2026-06-01","passed","2026-06-01","My Info Module Tests","My Info\myinfo.spec.js","",""
"","14848","10.Password field accepts input","firefox","2026-06-01","passed","2026-06-01","Admin Functional Tests","Admin\admin.spec.js","",""
"","14874","8. Verify Directory navigation","chromium","2026-06-01","passed","2026-06-01","Dashboard Module Tests","Dashboard\dashboard.spec.js","",""
"","1696","16.Verify Time module session after refresh","firefox","2026-06-01","passed","2026-06-01","Time Module Tests","Time\time.spec.js","",""
"","2754","13.Verify Assign Leave page opens","chromium","2026-06-01","passed","2026-06-01","Leave Module Functionality Tests","Leave\leave.spec.js","",""
"","1916","6.Verify page refresh keeps session","firefox","2026-06-01","passed","2026-06-01","PIM Module Tests","PIM\pim.spec.js","",""
"","1156","10.Verify KPI page opens","firefox","2026-06-01","passed","2026-06-01","Performance Module Tests","Performance\performance.spec.js","",""
"","1820","6.Verify Candidate Name accepts input","webkit","2026-06-01","passed","2026-06-01","Recruitment Module Tests","Recruitment\recruitment.spec.js","",""
"","2158","7.Verify Search button clickable","webkit","2026-06-01","passed","2026-06-01","Leave Module Functionality Tests","Leave\leave.spec.js","",""
"","13449","11.Confirm password accepts input","webkit","2026-06-01","passed","2026-06-01","Admin Functional Tests","Admin\admin.spec.js","",""
"","10199","7.Verify Driver License accepts input","chromium","2026-06-01","passed","2026-06-01","My Info Module Tests","My Info\myinfo.spec.js","",""
"","14414","17.Refreshes keeps user on login page","webkit","2026-06-02","passed","2026-06-02","OrangeHRM Login tests","Authentication\auth.spec.js","",""
"","11248","9. Verify Recruitment navigation","firefox","2026-06-01","passed","2026-06-01","Dashboard Module Tests","Dashboard\dashboard.spec.js","",""
"","5612","18.Refreshes keeps user on login page","webkit","2026-06-01","passed","2026-06-01","OrangeHRM Login tests","Authentication\auth.spec.js","",""
"","12551","14.Login button visible","chromium","2026-06-02","passed","2026-06-02","OrangeHRM Login tests","Authentication\auth.spec.js","",""
"","14015","6. Verify Leave navigation","chromium","2026-06-01","passed","2026-06-01","Dashboard Module Tests","Dashboard\dashboard.spec.js","",""
"","117","9.Verify Configure menu opens","firefox","2026-06-01","passed","2026-06-01","Performance Module Tests","Performance\performance.spec.js","",""
"","11732","11. Logout","webkit","2026-06-02","passed","2026-06-02","OrangeHRM Login tests","Authentication\auth.spec.js","",""
"","9601","11. Verify search enabled","webkit","2026-06-01","passed","2026-06-01","Dashboard Module Tests","Dashboard\dashboard.spec.js","",""
"","10445","13.Verify Emergency Contacts page opens","webkit","2026-06-01","passed","2026-06-01","My Info Module Tests","My Info\myinfo.spec.js","",""
"","16759","9.Status selection works","firefox","2026-06-01","passed","2026-06-01","Admin Functional Tests","Admin\admin.spec.js","",""
"","850","4.Verify Employee Name accepts input","webkit","2026-06-01","passed","2026-06-01","Time Module Tests","Time\time.spec.js","",""
"","1286","3.Verify Comment field accepts input","chromium","2026-06-01","passed","2026-06-01","Leave Module Functionality Tests","Leave\leave.spec.js","",""
"","9717","5. Verify Leave menu visible","webkit","2026-06-01","passed","2026-06-01","Dashboard Module Tests","Dashboard\dashboard.spec.js","",""
"","2866","12.Verify Create Login Details toggle","chromium","2026-06-01","passed","2026-06-01","PIM Module Tests","PIM\pim.spec.js","",""
"","1717","11.Verify Add KPI page opens","webkit","2026-06-01","passed","2026-06-01","Performance Module Tests","Performance\performance.spec.js","",""
"","3285","10.Verify Last Name accepts input","webkit","2026-06-01","passed","2026-06-01","PIM Module Tests","PIM\pim.spec.js","",""
"","10343","14.Search after entering multiple filters","webkit","2026-06-01","passed","2026-06-01","Admin Functional Tests","Admin\admin.spec.js","",""
"","1011","13.Verify Job Title dropdown selection","firefox","2026-06-01","passed","2026-06-01","Time Module Tests","Time\time.spec.js","",""
"","14020","5.Verify Employee ID accepts input","chromium","2026-06-01","passed","2026-06-01","My Info Module Tests","My Info\myinfo.spec.js","",""
"","1058","12.Verify KPI mandatory validation","webkit","2026-06-01","passed","2026-06-01","Performance Module Tests","Performance\performance.spec.js","",""
"","886","12.Verify Attendance Summary employee input","chromium","2026-06-01","passed","2026-06-01","Time Module Tests","Time\time.spec.js","",""
"","20694","8. Verify Directory navigation","firefox","2026-06-01","passed","2026-06-01","Dashboard Module Tests","Dashboard\dashboard.spec.js","",""
"","3180","10.Verify Last Name accepts input","firefox","2026-06-01","passed","2026-06-01","PIM Module Tests","PIM\pim.spec.js","",""
"","4213","9.Verify Leave List page opens","chromium","2026-06-01","passed","2026-06-01","Leave Module Functionality Tests","Leave\leave.spec.js","",""
"","7184","5. Empty password","chromium","2026-06-02","passed","2026-06-02","OrangeHRM Login tests","Authentication\auth.spec.js","",""
"","403","7.Verify My Timesheet navigation","chromium","2026-06-01","passed","2026-06-01","Time Module Tests","Time\time.spec.js","",""
"","6575","13.Password field visible","webkit","2026-06-02","passed","2026-06-02","OrangeHRM Login tests","Authentication\auth.spec.js","",""
"","16","1.Verify employee name accepts input","chromium","2026-06-01","passed","2026-06-01","PIM Module Tests","PIM\pim.spec.js","",""
"","619","12.Verify Attendance Summary employee input","firefox","2026-06-01","passed","2026-06-01","Time Module Tests","Time\time.spec.js","",""
"","417","8.Verify Employee Timesheet navigation","chromium","2026-06-01","passed","2026-06-01","Time Module Tests","Time\time.spec.js","",""
"","137","3.Verify reset button visible after click","firefox","2026-06-01","passed","2026-06-01","PIM Module Tests","PIM\pim.spec.js","",""
"","234","13.Verify Job Title dropdown selection","chromium","2026-06-01","passed","2026-06-01","Time Module Tests","Time\time.spec.js","",""
"","6551","5. Empty password","webkit","2026-06-02","passed","2026-06-02","OrangeHRM Login tests","Authentication\auth.spec.js","",""
"","9901","12. Verify search input","webkit","2026-06-01","passed","2026-06-01","Dashboard Module Tests","Dashboard\dashboard.spec.js","",""
"","2527","13.Verify Assign Leave page opens","firefox","2026-06-01","passed","2026-06-01","Leave Module Functionality Tests","Leave\leave.spec.js","",""
"","551","10.Verify Employee Report page navigation","webkit","2026-06-01","passed","2026-06-01","Time Module Tests","Time\time.spec.js","",""
"","12103","14.Search after entering multiple filters","firefox","2026-06-01","passed","2026-06-01","Admin Functional Tests","Admin\admin.spec.js","",""
"","4061","8.Verify Add Employee mandatory validation","webkit","2026-06-01","passed","2026-06-01","PIM Module Tests","PIM\pim.spec.js","",""
"","1019","3.Verify Candidates tab clickable","chromium","2026-06-01","passed","2026-06-01","Recruitment Module Tests","Recruitment\recruitment.spec.js","",""
"","2180","7.Verify Add Employee page opens","firefox","2026-06-01","passed","2026-06-01","PIM Module Tests","PIM\pim.spec.js","",""
"","11692","1.Search user by username","webkit","2026-06-01","passed","2026-06-01","Admin Functional Tests","Admin\admin.spec.js","",""
"","633","7.Verify My Timesheet navigation","firefox","2026-06-01","passed","2026-06-01","Time Module Tests","Time\time.spec.js","",""
"","273","2.Verify Attendance tab navigation","webkit","2026-06-01","passed","2026-06-01","Time Module Tests","Time\time.spec.js","",""
"","1264","4.Verify My Leave page opens","firefox","2026-06-01","passed","2026-06-01","Leave Module Functionality Tests","Leave\leave.spec.js","",""
"","4166","9.Verify First Name accepts input","firefox","2026-06-01","passed","2026-06-01","PIM Module Tests","PIM\pim.spec.js","",""
"","237","10.Verify Job Title dropdown opens","webkit","2026-06-01","passed","2026-06-01","Recruitment Module Tests","Recruitment\recruitment.spec.js","",""
"","8508","12. Verify search input","firefox","2026-06-01","passed","2026-06-01","Dashboard Module Tests","Dashboard\dashboard.spec.js","",""
"","48","11.Verify Status dropdown clickable","chromium","2026-06-01","passed","2026-06-01","Leave Module Functionality Tests","Leave\leave.spec.js","",""
"","773","11.Verify Attendance Summary page navigation","chromium","2026-06-01","passed","2026-06-01","Time Module Tests","Time\time.spec.js","",""
"","6378","17.Password field masked","chromium","2026-06-01","passed","2026-06-01","OrangeHRM Login tests","Authentication\auth.spec.js","",""
"","232","9.Verify Configure menu opens","webkit","2026-06-01","passed","2026-06-01","Performance Module Tests","Performance\performance.spec.js","",""
"","8416","10. Login using Enter key","webkit","2026-06-02","passed","2026-06-02","OrangeHRM Login tests","Authentication\auth.spec.js","",""
